{"cameraMode":{"drawMode":2,"name":"Shaded Wireframe","section":"Shading Mode"},"sceneLighting":true,"audioPlay":false,"sceneViewState":{"showFog":true,"showMaterialUpdate":false,"showSkybox":true,"showFlares":true,"showImageEffects":true,"showParticleSystems":true},"in2DMode":false,"pivot":{"x":-9.69764518737793,"y":-5.39692497253418,"z":-3.684020519256592},"rotation":{"x":0.1321234554052353,"y":-0.8285465836524963,"z":0.21996818482875825,"w":0.49766775965690615},"size":13.987065315246582,"orthographic":false}