{"cameraMode":{"drawMode":2,"name":"Shaded Wireframe","section":"Shading Mode"},"sceneLighting":true,"audioPlay":false,"sceneViewState":{"showFog":true,"showMaterialUpdate":false,"showSkybox":true,"showFlares":true,"showImageEffects":true,"showParticleSystems":true},"in2DMode":false,"pivot":{"x":28.914791107177736,"y":-65.0680923461914,"z":-56.93033218383789},"rotation":{"x":0.08280058950185776,"y":0.8963584899902344,"z":-0.39227035641670229,"w":0.18939004838466645},"size":111.3753890991211,"orthographic":false}