{"cameraMode":{"drawMode":2,"name":"Shaded Wireframe","section":"Shading Mode"},"sceneLighting":true,"audioPlay":false,"sceneViewState":{"showFog":true,"showMaterialUpdate":false,"showSkybox":true,"showFlares":true,"showImageEffects":true,"showParticleSystems":true},"in2DMode":false,"pivot":{"x":4.7229437828063969,"y":-7.266385555267334,"z":3.355097770690918},"rotation":{"x":0.3842996656894684,"y":0.43438029289245608,"z":-0.21224525570869447,"w":0.7865034341812134},"size":21.721485137939454,"orthographic":false}