{"cameraMode":{"drawMode":2,"name":"Shaded Wireframe","section":"Shading Mode"},"sceneLighting":false,"audioPlay":false,"sceneViewState":{"showFog":true,"showMaterialUpdate":false,"showSkybox":false,"showFlares":true,"showImageEffects":true,"showParticleSystems":true},"in2DMode":false,"pivot":{"x":0.20100000500679017,"y":0.9147897958755493,"z":0.9178646802902222},"rotation":{"x":-0.14905503392219544,"y":-0.07114232331514359,"z":0.010776393115520478,"w":-0.9862465262413025},"size":1.6536604166030884,"orthographic":false}