{"cameraMode":{"drawMode":2,"name":"Shaded Wireframe","section":"Shading Mode"},"sceneLighting":false,"audioPlay":false,"sceneViewState":{"showFog":true,"showMaterialUpdate":false,"showSkybox":false,"showFlares":true,"showImageEffects":true,"showParticleSystems":true},"in2DMode":false,"pivot":{"x":0.17932482063770295,"y":1.6597423553466797,"z":1.6219180822372437},"rotation":{"x":-0.6255141496658325,"y":0.19459088146686555,"z":-0.1650233119726181,"w":-0.7373676896095276},"size":1.3536603450775147,"orthographic":false}