{"cameraMode":{"drawMode":2,"name":"Shaded Wireframe","section":"Shading Mode"},"sceneLighting":true,"audioPlay":false,"sceneViewState":{"showFog":true,"showMaterialUpdate":false,"showSkybox":true,"showFlares":true,"showImageEffects":true,"showParticleSystems":true},"in2DMode":false,"pivot":{"x":-0.2892698645591736,"y":-0.2505970001220703,"z":-0.6203954219818115},"rotation":{"x":0.5547036528587341,"y":-0.0007465127273462713,"z":0.0004998607328161597,"w":0.8320601582527161},"size":10.399195671081543,"orthographic":false}