{"cameraMode":{"drawMode":0,"name":"Shaded","section":"Shading Mode"},"sceneLighting":true,"audioPlay":false,"sceneViewState":{"showFog":true,"showMaterialUpdate":false,"showSkybox":true,"showFlares":true,"showImageEffects":true,"showParticleSystems":true},"in2DMode":false,"pivot":{"x":-11.447744369506836,"y":-26.580591201782228,"z":12.115996360778809},"rotation":{"x":-0.4286760687828064,"y":0.3298240900039673,"z":-0.17174644768238069,"w":-0.8234366774559021},"size":37.29167938232422,"orthographic":false}