{"cameraMode":{"drawMode":2,"name":"Shaded Wireframe","section":"Shading Mode"},"sceneLighting":true,"audioPlay":false,"sceneViewState":{"showFog":true,"showMaterialUpdate":false,"showSkybox":true,"showFlares":true,"showImageEffects":true,"showParticleSystems":true},"in2DMode":false,"pivot":{"x":0.42689788341522219,"y":0.8213973045349121,"z":-1.5944604873657227},"rotation":{"x":0.2681751251220703,"y":-0.005199323873966932,"z":0.001453082193620503,"w":0.9633639454841614},"size":9.11277961730957,"orthographic":false}